{"rmse": 61562.73200230572, "r2": 0.6683893710202166}